"input technique,input type,subject id,timestamp,time needed in ms,input"
"default,key pressed,4,2017-06-21 16:39:37.754267,0.000021,""t"""
"default,key pressed,4,2017-06-21 16:39:37.793147,0.038862,""h"""
"default,key pressed,4,2017-06-21 16:39:37.913072,0.119900,""e"""
"default,key pressed,4,2017-06-21 16:39:38.081150,0.168051,"" """
"default,key pressed,4,2017-06-21 16:39:38.241107,0.159928,""q"""
"default,word typed,4,2017-06-21 16:39:38.241181,0.486948,""the q"""
"default,key pressed,4,2017-06-21 16:39:38.329088,0.087955,""u"""
"default,key pressed,4,2017-06-21 16:39:38.417154,0.088038,""i"""
"default,key pressed,4,2017-06-21 16:39:38.609206,0.192027,""c"""
"default,key pressed,4,2017-06-21 16:39:38.689246,0.080008,""k"""
"default,key pressed,4,2017-06-21 16:39:38.801374,0.112085,"" """
"default,word typed,4,2017-06-21 16:39:38.801534,0.560338,""uick """
"default,key pressed,4,2017-06-21 16:39:39.025237,0.223837,""b"""
"default,key pressed,4,2017-06-21 16:39:39.217153,0.191891,""r"""
"default,key pressed,4,2017-06-21 16:39:39.305221,0.088034,""o"""
"default,key pressed,4,2017-06-21 16:39:39.433615,0.128369,""w"""
"default,key pressed,4,2017-06-21 16:39:39.569171,0.135532,""n"""
"default,word typed,4,2017-06-21 16:39:39.569303,0.767764,""brown"""
"default,key pressed,4,2017-06-21 16:39:39.641149,0.071952,"" """
"default,key pressed,4,2017-06-21 16:39:39.809145,0.167970,""f"""
"default,key pressed,4,2017-06-21 16:39:39.897668,0.088492,""o"""
"default,key pressed,4,2017-06-21 16:39:40.033263,0.135571,""x"""
"default,key pressed,4,2017-06-21 16:39:40.129212,0.095922,"" """
"default,word typed,4,2017-06-21 16:39:40.129272,0.559967,"" fox """
"default,key pressed,4,2017-06-21 16:39:40.249314,0.120076,""j"""
"default,key pressed,4,2017-06-21 16:39:40.481190,0.231851,""u"""
"default,key pressed,4,2017-06-21 16:39:40.689135,0.207921,""m"""
"default,key pressed,4,2017-06-21 16:39:40.785742,0.096568,""p"""
"default,key pressed,4,2017-06-21 16:39:40.961456,0.175675,""s"""
"default,word typed,4,2017-06-21 16:39:40.961553,0.832266,""jumps"""
"default,key pressed,4,2017-06-21 16:39:41.057292,0.095751,"" """
"default,key pressed,4,2017-06-21 16:39:41.129336,0.071998,""o"""
"default,key pressed,4,2017-06-21 16:39:41.289336,0.159990,""v"""
"default,key pressed,4,2017-06-21 16:39:41.449272,0.159903,""e"""
"default,key pressed,4,2017-06-21 16:39:41.521655,0.072360,""r"""
"default,word typed,4,2017-06-21 16:39:41.521792,0.560225,"" over"""
"default,key pressed,4,2017-06-21 16:39:41.593371,0.071688,"" """
"default,key pressed,4,2017-06-21 16:39:41.721999,0.128596,""t"""
"default,key pressed,4,2017-06-21 16:39:41.833590,0.111540,""h"""
"default,key pressed,4,2017-06-21 16:39:41.905687,0.072064,""e"""
"default,key pressed,4,2017-06-21 16:39:42.001150,0.095448,"" """
"default,word typed,4,2017-06-21 16:39:42.001207,0.479413,"" the """
"default,key pressed,4,2017-06-21 16:39:42.082272,0.081093,""l"""
"default,key pressed,4,2017-06-21 16:39:42.241236,0.158938,""a"""
"default,key pressed,4,2017-06-21 16:39:42.401204,0.159941,""z"""
"default,key pressed,4,2017-06-21 16:39:42.585992,0.184752,""y"""
"default,key pressed,4,2017-06-21 16:39:42.705168,0.119153,"" """
"default,word typed,4,2017-06-21 16:39:42.705242,0.704027,""lazy """
"default,key pressed,4,2017-06-21 16:39:42.849243,0.144049,""d"""
"default,key pressed,4,2017-06-21 16:39:42.938086,0.088722,""o"""
"default,key pressed,4,2017-06-21 16:39:43.057527,0.119422,""g"""
"default,sentence typed,4,2017-06-21 16:39:43.177124,5.422854,""the quick brown fox jumps over the lazy dog"""
"default,key pressed,4,2017-06-21 16:39:43.881554,0.824000,""j"""
"default,key pressed,4,2017-06-21 16:39:44.025232,0.143646,""a"""
"default,key pressed,4,2017-06-21 16:39:44.193293,0.168036,""c"""
"default,key pressed,4,2017-06-21 16:39:44.297570,0.104237,""k"""
"default,key pressed,4,2017-06-21 16:39:45.057310,0.759726,""d"""
"default,word typed,4,2017-06-21 16:39:45.057372,2.352125,""jackd"""
"default,key pressed,4,2017-06-21 16:39:45.233554,0.176208,""a"""
"default,key pressed,4,2017-06-21 16:39:45.681333,0.447757,""w"""
"default,key pressed,4,2017-06-21 16:39:45.849952,0.168595,""s"""
"default,key pressed,4,2017-06-21 16:39:45.961277,0.111291,"" """
"default,key pressed,4,2017-06-21 16:39:46.065258,0.103956,""l"""
"default,word typed,4,2017-06-21 16:39:46.065319,1.007942,""aws l"""
"default,key pressed,4,2017-06-21 16:39:46.241405,0.176124,""o"""
"default,key pressed,4,2017-06-21 16:39:46.337325,0.095893,""v"""
"default,key pressed,4,2017-06-21 16:39:46.489284,0.151933,""e"""
"default,key pressed,4,2017-06-21 16:39:46.545695,0.056384,"" """
"default,key pressed,4,2017-06-21 16:39:46.722668,0.176925,""m"""
"default,word typed,4,2017-06-21 16:39:46.722742,0.657416,""ove m"""
"default,key pressed,4,2017-06-21 16:39:46.873393,0.150701,""y"""
"default,key pressed,4,2017-06-21 16:39:47.025395,0.151974,"" """
"default,key pressed,4,2017-06-21 16:39:47.481250,0.455830,""b"""
"default,key pressed,4,2017-06-21 16:39:47.593228,0.111954,""i"""
"default,key pressed,4,2017-06-21 16:39:47.689315,0.096058,""g"""
"default,word typed,4,2017-06-21 16:39:47.689399,0.966650,""y big"""
"default,key pressed,4,2017-06-21 16:39:47.785418,0.096078,"" """
"default,key pressed,4,2017-06-21 16:39:48.073529,0.288084,""s"""
"default,key pressed,4,2017-06-21 16:39:48.162277,0.088640,""p"""
"default,key pressed,4,2017-06-21 16:39:48.273507,0.111243,""h"""
"default,key pressed,4,2017-06-21 16:39:48.409806,0.136203,""i"""
"default,word typed,4,2017-06-21 16:39:48.410025,0.720550,"" sphi"""
"default,key pressed,4,2017-06-21 16:39:48.514803,0.104777,""n"""
"default,key pressed,4,2017-06-21 16:39:48.761336,0.246522,""x"""
"default,key pressed,4,2017-06-21 16:39:48.849445,0.088083,"" """
"default,key pressed,4,2017-06-21 16:39:49.033373,0.183902,""o"""
"default,key pressed,4,2017-06-21 16:39:49.105384,0.071982,""f"""
"default,word typed,4,2017-06-21 16:39:49.105447,0.695447,""nx of"""
"default,key pressed,4,2017-06-21 16:39:49.217449,0.112037,"" """
"default,key pressed,4,2017-06-21 16:39:49.433367,0.215892,""q"""
"default,key pressed,4,2017-06-21 16:39:49.537374,0.103983,""u"""
"default,key pressed,4,2017-06-21 16:39:49.649359,0.111959,""a"""
"default,key pressed,4,2017-06-21 16:39:49.737464,0.088078,""r"""
"default,word typed,4,2017-06-21 16:39:49.737594,0.632137,"" quar"""
"default,key pressed,4,2017-06-21 16:39:49.897410,0.159920,""z"""
"default,key pressed,4,2017-06-21 16:39:50.145509,0.248067,""t"""
"default,key pressed,4,2017-06-21 16:39:50.529439,0.383905,""z"""
"default,key pressed,4,2017-06-21 16:39:50.657508,0.128044,""r"""
"default,key pressed,4,2017-06-21 16:39:50.761602,0.104067,""t"""
"default,word typed,4,2017-06-21 16:39:50.761733,1.024130,""quart"""
"default,key pressed,4,2017-06-21 16:39:50.857888,0.096251,""z"""
"default,sentence typed,4,2017-06-21 16:39:51.065275,7.888122,""jackdaws love my big sphinx of quartz"""
"default,key pressed,4,2017-06-21 16:39:51.841451,0.983541,""t"""
"default,key pressed,4,2017-06-21 16:39:51.906171,0.064672,""h"""
"default,key pressed,4,2017-06-21 16:39:52.017494,0.111298,""e"""
"default,key pressed,4,2017-06-21 16:39:52.081891,0.064347,"" """
"default,key pressed,4,2017-06-21 16:39:52.233573,0.151658,""f"""
"default,word typed,4,2017-06-21 16:39:52.233646,1.471909,""the f"""
"default,key pressed,4,2017-06-21 16:39:52.337509,0.103909,""i"""
"default,key pressed,4,2017-06-21 16:39:52.521459,0.183923,""v"""
"default,key pressed,4,2017-06-21 16:39:52.721508,0.200025,""e"""
"default,key pressed,4,2017-06-21 16:39:52.793530,0.071994,"" """
"default,key pressed,4,2017-06-21 16:39:52.953447,0.159891,""b"""
"default,word typed,4,2017-06-21 16:39:52.953520,0.719867,""ive b"""
"default,key pressed,4,2017-06-21 16:39:53.050247,0.096772,""o"""
"default,key pressed,4,2017-06-21 16:39:53.217503,0.167229,""x"""
"default,key pressed,4,2017-06-21 16:39:53.353450,0.135922,""i"""
"default,key pressed,4,2017-06-21 16:39:53.433476,0.079999,""n"""
"default,key pressed,4,2017-06-21 16:39:53.569577,0.136073,""g"""
"default,word typed,4,2017-06-21 16:39:53.569652,0.616126,""oxing"""
"default,key pressed,4,2017-06-21 16:39:53.682977,0.113366,"" """
"default,key pressed,4,2017-06-21 16:39:53.833488,0.150491,""w"""
"default,key pressed,4,2017-06-21 16:39:53.883071,0.049488,""i"""
"default,key pressed,4,2017-06-21 16:39:54.041555,0.158476,""z"""
"default,key pressed,4,2017-06-21 16:39:54.113527,0.071949,""a"""
"default,word typed,4,2017-06-21 16:39:54.113596,0.543939,"" wiza"""
"default,key pressed,4,2017-06-21 16:39:54.209422,0.095871,""r"""
"default,key pressed,4,2017-06-21 16:39:54.393682,0.184233,""d"""
"default,key pressed,4,2017-06-21 16:39:54.537598,0.143890,""s"""
"default,key pressed,4,2017-06-21 16:39:54.642004,0.104366,"" """
"default,key pressed,4,2017-06-21 16:39:54.713940,0.071897,""j"""
"default,word typed,4,2017-06-21 16:39:54.714015,0.600409,""rds j"""
"default,key pressed,4,2017-06-21 16:39:54.898006,0.184013,""u"""
"default,key pressed,4,2017-06-21 16:39:55.097498,0.199491,""m"""
"default,key pressed,4,2017-06-21 16:39:55.169761,0.072235,""p"""
"default,key pressed,4,2017-06-21 16:39:55.409456,0.239669,"" """
"default,key pressed,4,2017-06-21 16:39:55.553547,0.144063,""q"""
"default,word typed,4,2017-06-21 16:39:55.553625,0.839604,""ump q"""
"default,key pressed,4,2017-06-21 16:39:55.658024,0.104450,""u"""
"default,key pressed,4,2017-06-21 16:39:55.721529,0.063480,""i"""
"default,key pressed,4,2017-06-21 16:39:55.865626,0.144067,""c"""
"default,key pressed,4,2017-06-21 16:39:55.977525,0.111874,""k"""
"default,key pressed,4,2017-06-21 16:39:56.321505,0.343952,""l"""
"default,word typed,4,2017-06-21 16:39:56.321580,0.767949,""uickl"""
"default,key pressed,4,2017-06-21 16:39:56.457704,0.136173,""y"""
"default,sentence typed,4,2017-06-21 16:39:56.601507,5.536207,""the five boxing wizards jump quickly"""
"default,key pressed,4,2017-06-21 16:39:57.385719,0.927990,""c"""
"default,key pressed,4,2017-06-21 16:39:57.577681,0.191936,""r"""
"default,key pressed,4,2017-06-21 16:39:57.665780,0.088074,""a"""
"default,key pressed,4,2017-06-21 16:39:57.793518,0.127709,""z"""
"default,key pressed,4,2017-06-21 16:39:57.938564,0.145006,""y"""
"default,word typed,4,2017-06-21 16:39:57.938730,1.617128,""crazy"""
"default,key pressed,4,2017-06-21 16:39:58.090571,0.151812,"" """
"default,key pressed,4,2017-06-21 16:39:58.547382,0.456810,""F"""
"default,key pressed,4,2017-06-21 16:39:58.921535,0.374129,""r"""
"default,key pressed,4,2017-06-21 16:39:59.089685,0.168124,""e"""
"default,key pressed,4,2017-06-21 16:39:59.425693,0.335979,""d"""
"default,word typed,4,2017-06-21 16:39:59.425755,1.487023,"" Fred"""
"default,key pressed,4,2017-06-21 16:39:59.625717,0.200001,""e"""
"default,key pressed,4,2017-06-21 16:39:59.689634,0.063889,""r"""
"default,key pressed,4,2017-06-21 16:39:59.945635,0.255976,""i"""
"default,key pressed,4,2017-06-21 16:40:00.081651,0.135990,""c"""
"default,key pressed,4,2017-06-21 16:40:00.162381,0.080687,""k"""
"default,word typed,4,2017-06-21 16:40:00.162480,0.736705,""erick"""
"default,key pressed,4,2017-06-21 16:40:00.281777,0.119383,"" """
"default,key pressed,4,2017-06-21 16:40:00.353731,0.071922,""b"""
"default,key pressed,4,2017-06-21 16:40:00.529633,0.175880,""o"""
"default,key pressed,4,2017-06-21 16:40:00.609641,0.079984,""u"""
"default,key pressed,4,2017-06-21 16:40:00.756465,0.146781,""g"""
"default,word typed,4,2017-06-21 16:40:00.756640,0.594151,"" boug"""
"default,key pressed,4,2017-06-21 16:40:00.905699,0.149217,""h"""
"default,key pressed,4,2017-06-21 16:40:00.970128,0.064392,""t"""
"default,key pressed,4,2017-06-21 16:40:01.057751,0.087601,"" """
"default,key pressed,4,2017-06-21 16:40:01.161704,0.103927,""m"""
"default,key pressed,4,2017-06-21 16:40:01.265613,0.103881,""a"""
"default,word typed,4,2017-06-21 16:40:01.265676,0.509038,""ht ma"""
"default,key pressed,4,2017-06-21 16:40:01.393675,0.128039,""n"""
"default,key pressed,4,2017-06-21 16:40:01.521908,0.128198,""y"""
"default,key pressed,4,2017-06-21 16:40:01.625656,0.103724,"" """
"default,key pressed,4,2017-06-21 16:40:01.753961,0.128270,""v"""
"default,key pressed,4,2017-06-21 16:40:01.921831,0.167844,""e"""
"default,word typed,4,2017-06-21 16:40:01.921988,0.656298,""ny ve"""
"default,key pressed,4,2017-06-21 16:40:02.001937,0.080081,""r"""
"default,key pressed,4,2017-06-21 16:40:02.177696,0.175737,""y"""
"default,key pressed,4,2017-06-21 16:40:02.305685,0.127961,"" """
"default,key pressed,4,2017-06-21 16:40:02.689661,0.383952,""e"""
"default,key pressed,4,2017-06-21 16:40:02.929834,0.240146,""x"""
"default,word typed,4,2017-06-21 16:40:02.929970,1.007975,""ry ex"""
"default,key pressed,4,2017-06-21 16:40:03.257619,0.327759,""q"""
"default,key pressed,4,2017-06-21 16:40:03.353532,0.095887,""u"""
"default,key pressed,4,2017-06-21 16:40:03.433836,0.080278,""i"""
"default,key pressed,4,2017-06-21 16:40:03.601792,0.167929,""s"""
"default,key pressed,4,2017-06-21 16:40:03.730138,0.128301,""i"""
"default,word typed,4,2017-06-21 16:40:03.730264,0.800264,""quisi"""
"default,key pressed,4,2017-06-21 16:40:04.545784,0.815626,""t"""
"default,key pressed,4,2017-06-21 16:40:04.697789,0.151979,""e"""
"default,key pressed,4,2017-06-21 16:40:04.745819,0.048001,"" """
"default,key pressed,4,2017-06-21 16:40:04.849827,0.103981,""o"""
"default,key pressed,4,2017-06-21 16:40:04.994282,0.144315,""p"""
"default,word typed,4,2017-06-21 16:40:04.994469,1.264193,""te op"""
"default,key pressed,4,2017-06-21 16:40:05.161989,0.167699,""a"""
"default,key pressed,4,2017-06-21 16:40:05.305809,0.143794,""l"""
"default,key pressed,4,2017-06-21 16:40:05.369770,0.063935,"" """
"default,key pressed,4,2017-06-21 16:40:05.681790,0.311993,""j"""
"default,key pressed,4,2017-06-21 16:40:05.802638,0.120707,""e"""
"default,word typed,4,2017-06-21 16:40:05.802797,0.808312,""al je"""
"default,key pressed,4,2017-06-21 16:40:05.961810,0.159225,""w"""
"default,key pressed,4,2017-06-21 16:40:06.025898,0.064060,""e"""
"default,key pressed,4,2017-06-21 16:40:06.145871,0.119948,""i"""
"default,key pressed,4,2017-06-21 16:40:06.241774,0.095877,""l"""
"default,key pressed,4,2017-06-21 16:40:06.281925,0.040122,""s"""
"default,word typed,4,2017-06-21 16:40:06.281999,0.479208,""weils"""
"default,sentence typed,4,2017-06-21 16:40:06.555018,9.952975,""crazy Frederick bought many very exquisite opal jeweils"""
"default,key pressed,4,2017-06-21 16:40:07.842052,1.560097,""t"""
"default,key pressed,4,2017-06-21 16:40:07.921877,0.079796,""h"""
"default,key pressed,4,2017-06-21 16:40:08.058072,0.136166,""e"""
"default,key pressed,4,2017-06-21 16:40:08.170379,0.112278,"" """
"default,key pressed,4,2017-06-21 16:40:08.441967,0.271560,""q"""
"default,word typed,4,2017-06-21 16:40:08.442062,2.160044,""the q"""
"default,key pressed,4,2017-06-21 16:40:08.738474,0.296338,""u"""
"default,key pressed,4,2017-06-21 16:40:08.858031,0.119640,""i"""
"default,key pressed,4,2017-06-21 16:40:09.026488,0.168416,""c"""
"default,key pressed,4,2017-06-21 16:40:09.137932,0.111425,""k"""
"default,key pressed,4,2017-06-21 16:40:09.250115,0.112149,"" """
"default,word typed,4,2017-06-21 16:40:09.250219,0.808149,""uick """
"default,key pressed,4,2017-06-21 16:40:09.418388,0.168245,""o"""
"default,key pressed,4,2017-06-21 16:40:09.553747,0.135334,""n"""
"default,key pressed,4,2017-06-21 16:40:09.705987,0.152212,""y"""
"default,key pressed,4,2017-06-21 16:40:10.001885,0.295867,""s"""
"default,key pressed,4,2017-06-21 16:40:10.481903,0.479988,""y"""
"default,word typed,4,2017-06-21 16:40:10.481974,1.231752,""k ony"""
"default,key pressed,4,2017-06-21 16:40:10.570503,0.088576,""x"""
"default,key pressed,4,2017-06-21 16:40:10.721989,0.151460,"" """
"default,key pressed,4,2017-06-21 16:40:11.057896,0.335881,""g"""
"default,key pressed,4,2017-06-21 16:40:11.161937,0.104014,""o"""
"default,key pressed,4,2017-06-21 16:40:11.266019,0.104042,""b"""
"default,word typed,4,2017-06-21 16:40:11.266418,0.784415,""x gob"""
"default,key pressed,4,2017-06-21 16:40:11.377873,0.111836,""l"""
"default,key pressed,4,2017-06-21 16:40:11.481946,0.104047,""i"""
"default,key pressed,4,2017-06-21 16:40:11.570077,0.088106,""n"""
"default,key pressed,4,2017-06-21 16:40:11.738695,0.168570,"" """
"default,key pressed,4,2017-06-21 16:40:11.842076,0.103345,""j"""
"default,word typed,4,2017-06-21 16:40:11.842237,0.575816,""lin j"""
"default,key pressed,4,2017-06-21 16:40:12.010661,0.168488,""u"""
"default,key pressed,4,2017-06-21 16:40:12.193973,0.183356,""m"""
"default,key pressed,4,2017-06-21 16:40:12.282387,0.088381,""p"""
"default,key pressed,4,2017-06-21 16:40:12.385908,0.103500,""s"""
"default,key pressed,4,2017-06-21 16:40:12.490017,0.104081,"" """
"default,word typed,4,2017-06-21 16:40:12.490276,0.648031,""umps """
"default,key pressed,4,2017-06-21 16:40:12.586020,0.095978,""a"""
"default,key pressed,4,2017-06-21 16:40:12.746101,0.160053,""b"""
"default,key pressed,4,2017-06-21 16:40:12.850065,0.103940,""o"""
"default,key pressed,4,2017-06-21 16:40:12.969959,0.119868,""v"""
"default,key pressed,4,2017-06-21 16:40:13.146039,0.176055,""e"""
"default,word typed,4,2017-06-21 16:40:13.146169,0.655886,""above"""
"default,key pressed,4,2017-06-21 16:40:13.267140,0.121068,"" """
"default,key pressed,4,2017-06-21 16:40:13.354124,0.086954,""t"""
"default,key pressed,4,2017-06-21 16:40:13.465974,0.111826,""h"""
"default,key pressed,4,2017-06-21 16:40:13.515503,0.049484,""e"""
"default,key pressed,4,2017-06-21 16:40:13.588366,0.072816,"" """
"default,word typed,4,2017-06-21 16:40:13.588559,0.442350,"" the """
"default,key pressed,4,2017-06-21 16:40:13.674076,0.085698,""l"""
"default,key pressed,4,2017-06-21 16:40:13.762248,0.088124,""a"""
"default,key pressed,4,2017-06-21 16:40:13.922775,0.160499,""z"""
"default,key pressed,4,2017-06-21 16:40:14.074106,0.151308,""y"""
"default,key pressed,4,2017-06-21 16:40:14.218038,0.143905,"" """
"default,word typed,4,2017-06-21 16:40:14.218124,0.629573,""lazy """
"default,key pressed,4,2017-06-21 16:40:14.506053,0.287987,""d"""
"default,key pressed,4,2017-06-21 16:40:14.730204,0.224121,""w"""
"default,key pressed,4,2017-06-21 16:40:14.850131,0.119904,""a"""
"default,key pressed,4,2017-06-21 16:40:15.106159,0.256001,""r"""
"default,key pressed,4,2017-06-21 16:40:15.266089,0.159907,""f"""
"default,word typed,4,2017-06-21 16:40:15.266188,1.048044,""dwarf"""
"default,sentence typed,4,2017-06-21 16:40:15.417935,8.863076,""the quick onyx goblin jumps above the lazy dwarf"""
"default,key pressed,4,2017-06-21 16:40:16.218207,0.952086,""j"""
"default,key pressed,4,2017-06-21 16:40:16.362646,0.144401,""i"""
"default,key pressed,4,2017-06-21 16:40:16.474145,0.111472,""m"""
"default,key pressed,4,2017-06-21 16:40:16.586052,0.111885,"" """
"default,key pressed,4,2017-06-21 16:40:17.082009,0.495931,""q"""
"default,word typed,4,2017-06-21 16:40:17.082095,1.815906,""jim q"""
"default,key pressed,4,2017-06-21 16:40:17.186085,0.104048,""u"""
"default,key pressed,4,2017-06-21 16:40:17.257957,0.071846,""i"""
"default,key pressed,4,2017-06-21 16:40:17.426019,0.168037,""c"""
"default,key pressed,4,2017-06-21 16:40:17.594039,0.167996,""k"""
"default,key pressed,4,2017-06-21 16:40:17.722159,0.128093,""l"""
"default,word typed,4,2017-06-21 16:40:17.722241,0.640138,""uickl"""
"default,key pressed,4,2017-06-21 16:40:17.874425,0.152230,""y"""
"default,key pressed,4,2017-06-21 16:40:18.002558,0.128110,"" """
"default,key pressed,4,2017-06-21 16:40:18.226576,0.223984,""r"""
"default,key pressed,4,2017-06-21 16:40:18.362849,0.136251,""e"""
"default,key pressed,4,2017-06-21 16:40:18.498138,0.135260,""a"""
"default,word typed,4,2017-06-21 16:40:18.498219,0.775974,""y rea"""
"default,key pressed,4,2017-06-21 16:40:18.570551,0.072387,""l"""
"default,key pressed,4,2017-06-21 16:40:18.674080,0.103505,""i"""
"default,key pressed,4,2017-06-21 16:40:18.945979,0.271870,""z"""
"default,key pressed,4,2017-06-21 16:40:19.074864,0.128765,""e"""
"default,key pressed,4,2017-06-21 16:40:19.242220,0.167343,""d"""
"default,word typed,4,2017-06-21 16:40:19.242305,0.744073,""lized"""
"default,key pressed,4,2017-06-21 16:40:19.330255,0.088010,"" """
"default,key pressed,4,2017-06-21 16:40:19.450183,0.119899,""t"""
"default,key pressed,4,2017-06-21 16:40:19.570555,0.120336,""h"""
"default,key pressed,4,2017-06-21 16:40:19.610112,0.039536,""a"""
"default,key pressed,4,2017-06-21 16:40:19.698126,0.087986,""t"""
"default,word typed,4,2017-06-21 16:40:19.698205,0.455895,"" that"""
"default,key pressed,4,2017-06-21 16:40:19.786780,0.088539,"" """
"default,key pressed,4,2017-06-21 16:40:19.914050,0.127258,""b"""
"default,key pressed,4,2017-06-21 16:40:20.074172,0.160095,""e"""
"default,key pressed,4,2017-06-21 16:40:20.210798,0.136585,""a"""
"default,key pressed,4,2017-06-21 16:40:20.338264,0.127448,""u"""
"default,word typed,4,2017-06-21 16:40:20.338336,0.640126,"" beau"""
"default,key pressed,4,2017-06-21 16:40:20.482182,0.143888,""t"""
"default,key pressed,4,2017-06-21 16:40:20.602981,0.120767,""i"""
"default,key pressed,4,2017-06-21 16:40:20.746377,0.143374,""f"""
"default,key pressed,4,2017-06-21 16:40:20.930275,0.183870,""u"""
"default,key pressed,4,2017-06-21 16:40:21.074371,0.144059,""l"""
"default,word typed,4,2017-06-21 16:40:21.074481,0.736120,""tiful"""
"default,key pressed,4,2017-06-21 16:40:21.170432,0.096038,"" """
"default,key pressed,4,2017-06-21 16:40:21.442212,0.271748,""g"""
"default,key pressed,4,2017-06-21 16:40:21.538316,0.096066,""o"""
"default,key pressed,4,2017-06-21 16:40:21.650254,0.111910,""w"""
"default,key pressed,4,2017-06-21 16:40:21.786336,0.136049,""n"""
"default,word typed,4,2017-06-21 16:40:21.786430,0.711941,"" gown"""
"default,key pressed,4,2017-06-21 16:40:21.946862,0.160495,""s"""
"default,key pressed,4,2017-06-21 16:40:22.082397,0.135488,"" """
"default,key pressed,4,2017-06-21 16:40:22.762862,0.680440,""a"""
"default,key pressed,4,2017-06-21 16:40:22.938613,0.175682,""r"""
"default,key pressed,4,2017-06-21 16:40:23.098283,0.159685,""e"""
"default,word typed,4,2017-06-21 16:40:23.098367,1.311933,""s are"""
"default,key pressed,4,2017-06-21 16:40:23.202767,0.104458,"" """
"default,key pressed,4,2017-06-21 16:40:23.338244,0.135451,""e"""
"default,key pressed,4,2017-06-21 16:40:23.554372,0.216101,""x"""
"default,key pressed,4,2017-06-21 16:40:23.674540,0.120115,""p"""
"default,key pressed,4,2017-06-21 16:40:23.834362,0.159805,""e"""
"default,word typed,4,2017-06-21 16:40:23.834496,0.736119,"" expe"""
"default,key pressed,4,2017-06-21 16:40:23.946258,0.111869,""n"""
"default,key pressed,4,2017-06-21 16:40:24.042292,0.096008,""s"""
"default,key pressed,4,2017-06-21 16:40:24.226251,0.183931,""i"""
"default,key pressed,4,2017-06-21 16:40:24.386268,0.159991,""v"""
"default,key pressed,4,2017-06-21 16:40:24.571158,0.184851,""e"""
"default,word typed,4,2017-06-21 16:40:24.571250,0.736742,""nsive"""
"default,sentence typed,4,2017-06-21 16:40:24.706116,9.288150,""jim quickly realized that beautiful gowns are expensive"""
"default,key pressed,4,2017-06-21 16:40:25.514718,0.943530,""m"""
"default,key pressed,4,2017-06-21 16:40:25.634173,0.119436,""y"""
"default,key pressed,4,2017-06-21 16:40:25.778305,0.144102,"" """
"default,key pressed,4,2017-06-21 16:40:26.322773,0.544410,""g"""
"default,key pressed,4,2017-06-21 16:40:26.427420,0.104554,""i"""
"default,word typed,4,2017-06-21 16:40:26.427573,1.856305,""my gi"""
"default,key pressed,4,2017-06-21 16:40:26.538325,0.110892,""r"""
"default,key pressed,4,2017-06-21 16:40:26.627180,0.088787,""l"""
"default,key pressed,4,2017-06-21 16:40:26.738280,0.111085,"" """
"default,key pressed,4,2017-06-21 16:40:27.106813,0.368496,""w"""
"default,key pressed,4,2017-06-21 16:40:27.154976,0.048134,""o"""
"default,word typed,4,2017-06-21 16:40:27.155098,0.727493,""rl wo"""
"default,key pressed,4,2017-06-21 16:40:27.299005,0.143998,""v"""
"default,key pressed,4,2017-06-21 16:40:27.474387,0.175349,""e"""
"default,key pressed,4,2017-06-21 16:40:27.578457,0.104043,"" """
"default,key pressed,4,2017-06-21 16:40:27.706695,0.128197,""s"""
"default,key pressed,4,2017-06-21 16:40:27.786378,0.079668,""i"""
"default,word typed,4,2017-06-21 16:40:27.786507,0.631406,""ve si"""
"default,key pressed,4,2017-06-21 16:40:28.034358,0.247950,""x"""
"default,key pressed,4,2017-06-21 16:40:28.178481,0.144095,"" """
"default,key pressed,4,2017-06-21 16:40:28.370405,0.191899,""d"""
"default,key pressed,4,2017-06-21 16:40:28.442365,0.071935,""o"""
"default,key pressed,4,2017-06-21 16:40:28.618404,0.176008,""z"""
"default,word typed,4,2017-06-21 16:40:28.618532,0.831984,""x doz"""
"default,key pressed,4,2017-06-21 16:40:28.771326,0.152876,""e"""
"default,key pressed,4,2017-06-21 16:40:28.867391,0.096052,""n"""
"default,key pressed,4,2017-06-21 16:40:28.955677,0.088220,"" """
"default,key pressed,4,2017-06-21 16:40:29.050363,0.094689,""p"""
"default,key pressed,4,2017-06-21 16:40:29.234333,0.183942,""l"""
"default,word typed,4,2017-06-21 16:40:29.234462,0.615950,""en pl"""
"default,key pressed,4,2017-06-21 16:40:29.306378,0.072020,""a"""
"default,key pressed,4,2017-06-21 16:40:29.466442,0.160037,""i"""
"default,key pressed,4,2017-06-21 16:40:29.562917,0.096377,""d"""
"default,key pressed,4,2017-06-21 16:40:29.690405,0.127485,"" """
"default,key pressed,4,2017-06-21 16:40:29.770322,0.079890,""j"""
"default,word typed,4,2017-06-21 16:40:29.770407,0.535940,""aid j"""
"default,key pressed,4,2017-06-21 16:40:29.882789,0.112427,""a"""
"default,key pressed,4,2017-06-21 16:40:30.034402,0.151592,""c"""
"default,key pressed,4,2017-06-21 16:40:30.154521,0.120092,""k"""
"default,key pressed,4,2017-06-21 16:40:30.466365,0.311818,""e"""
"default,key pressed,4,2017-06-21 16:40:30.674474,0.208084,""t"""
"default,word typed,4,2017-06-21 16:40:30.674535,0.904123,""acket"""
"default,key pressed,4,2017-06-21 16:40:30.834358,0.159856,""s"""
"default,key pressed,4,2017-06-21 16:40:30.922455,0.088073,"" """
"default,key pressed,4,2017-06-21 16:40:31.099178,0.176698,""b"""
"default,key pressed,4,2017-06-21 16:40:31.282482,0.183278,""e"""
"default,key pressed,4,2017-06-21 16:40:31.434437,0.151930,""f"""
"default,word typed,4,2017-06-21 16:40:31.434523,0.759975,""s bef"""
"default,key pressed,4,2017-06-21 16:40:31.546316,0.111854,""o"""
"default,key pressed,4,2017-06-21 16:40:31.642749,0.096404,""r"""
"default,key pressed,4,2017-06-21 16:40:31.772121,0.129340,""e"""
"default,key pressed,4,2017-06-21 16:40:31.858407,0.086263,"" """
"default,key pressed,4,2017-06-21 16:40:31.954466,0.096031,""h"""
"default,word typed,4,2017-06-21 16:40:31.954549,0.520016,""ore h"""
"default,key pressed,4,2017-06-21 16:40:32.074851,0.120359,""e"""
"default,key pressed,4,2017-06-21 16:40:32.186509,0.111634,"" """
"default,key pressed,4,2017-06-21 16:40:32.403064,0.216518,""q"""
"default,key pressed,4,2017-06-21 16:40:32.522683,0.119582,""u"""
"default,key pressed,4,2017-06-21 16:40:32.594681,0.071974,""i"""
"default,word typed,4,2017-06-21 16:40:32.594785,0.640223,""e qui"""
"default,key pressed,4,2017-06-21 16:40:32.690853,0.096142,""t"""
"default,sentence typed,4,2017-06-21 16:40:32.866421,8.160264,""my girl wove six dozen plaid jackets before he quit"""
"default,test finished,4,2017-06-21 16:40:32.866568,55.112383,"



"input technique,input type,subject id,timestamp,time needed in ms,input"
"novel,key pressed,4,2017-06-21 16:42:34.781434,0.000019,""t"""
"novel,key pressed,4,2017-06-21 16:42:35.876946,1.095488,""q"""
"novel,key pressed,4,2017-06-21 16:42:36.988992,1.112020,""b"""
"novel,key pressed,4,2017-06-21 16:42:37.997342,1.008313,""f"""
"novel,key pressed,4,2017-06-21 16:42:39.549362,1.551988,""j"""
"novel,word typed,4,2017-06-21 16:42:39.549469,4.768051,""fox j"""
"novel,key pressed,4,2017-06-21 16:42:40.972957,1.423576,""u"""
"novel,key pressed,4,2017-06-21 16:42:41.548870,0.575888,"" """
"novel,key pressed,4,2017-06-21 16:42:41.957093,0.408198,""i"""
"novel,key pressed,4,2017-06-21 16:42:43.293459,1.336320,"" """
"novel,key pressed,4,2017-06-21 16:42:44.173150,0.879674,""o"""
"novel,word typed,4,2017-06-21 16:42:44.173210,4.623739,""mps o"""
"novel,key pressed,4,2017-06-21 16:42:45.885252,1.712077,""t"""
"novel,key pressed,4,2017-06-21 16:42:47.805243,1.919962,""l"""
"novel,key pressed,4,2017-06-21 16:42:49.341156,1.535893,""d"""
"novel,sentence typed,4,2017-06-21 16:42:50.845187,16.063745,""the quick brown fox jumps over the lazy dog """
"novel,key pressed,4,2017-06-21 16:42:52.245340,2.904152,""j"""
"novel,key pressed,4,2017-06-21 16:42:53.469391,1.224021,""l"""
"novel,key pressed,4,2017-06-21 16:42:55.797228,2.327816,""l"""
"novel,key pressed,4,2017-06-21 16:42:56.397383,0.600128,""l"""
"novel,key pressed,4,2017-06-21 16:42:56.669413,0.271997,""o"""
"novel,word typed,4,2017-06-21 16:42:56.669502,12.496281,""ws lo"""
"novel,key pressed,4,2017-06-21 16:42:59.653450,2.984012,""m"""
"novel,key pressed,4,2017-06-21 16:43:01.109623,1.456141,""b"""
"novel,key pressed,4,2017-06-21 16:43:02.965605,1.855959,""i"""
"novel,key pressed,4,2017-06-21 16:43:04.149473,1.183836,""s"""
"novel,key pressed,4,2017-06-21 16:43:05.957432,1.807937,""o"""
"novel,word typed,4,2017-06-21 16:43:05.957492,9.287988,""inx o"""
"novel,key pressed,4,2017-06-21 16:43:07.438349,1.480878,""q"""
"novel,sentence typed,4,2017-06-21 16:43:08.725757,17.880531,""jackdaws love my big sphinx of quartz """
"novel,key pressed,4,2017-06-21 16:43:09.877576,2.439208,""t"""
"novel,key pressed,4,2017-06-21 16:43:11.085556,1.207954,""f"""
"novel,key pressed,4,2017-06-21 16:43:12.629670,1.544072,""b"""
"novel,key pressed,4,2017-06-21 16:43:14.397977,1.768272,""w"""
"novel,key pressed,4,2017-06-21 16:43:15.869688,1.471679,""j"""
"novel,word typed,4,2017-06-21 16:43:15.869761,9.912259,""rds j"""
"novel,key pressed,4,2017-06-21 16:43:18.053784,2.184073,""q"""
"novel,sentence typed,4,2017-06-21 16:43:18.973842,10.248057,""the five boxing wizards jump quickly """
"novel,key pressed,4,2017-06-21 16:43:20.269773,2.215965,""c"""
"novel,key pressed,4,2017-06-21 16:43:21.758265,1.488466,""f"""
"novel,key pressed,4,2017-06-21 16:43:23.157800,1.399509,""b"""
"novel,key pressed,4,2017-06-21 16:43:24.781928,1.624103,""t"""
"novel,key pressed,4,2017-06-21 16:43:26.309933,1.527979,"" """
"novel,word typed,4,2017-06-21 16:43:26.310016,10.440243,""ught """
"novel,key pressed,4,2017-06-21 16:43:27.189810,0.879854,""m"""
"novel,key pressed,4,2017-06-21 16:43:28.357858,1.168023,""v"""
"novel,key pressed,4,2017-06-21 16:43:29.430292,1.072338,""e"""
"novel,key pressed,4,2017-06-21 16:43:31.037940,1.607631,""o"""
"novel,key pressed,4,2017-06-21 16:43:32.278116,1.240144,""j"""
"novel,word typed,4,2017-06-21 16:43:32.278186,5.968165,""pal j"""
"novel,sentence typed,4,2017-06-21 16:43:33.446440,14.472559,""crazy Frederick bought many very exquisite opal jewels """
"novel,key pressed,4,2017-06-21 16:43:34.542001,2.263863,""t"""
"novel,key pressed,4,2017-06-21 16:43:35.470008,0.927982,""q"""
"novel,key pressed,4,2017-06-21 16:43:36.734150,1.264112,""o"""
"novel,key pressed,4,2017-06-21 16:43:37.814316,1.080138,""g"""
"novel,key pressed,4,2017-06-21 16:43:39.086371,1.272026,""j"""
"novel,word typed,4,2017-06-21 16:43:39.086440,6.808247,""lin j"""
"novel,key pressed,4,2017-06-21 16:43:40.214133,1.127739,""a"""
"novel,key pressed,4,2017-06-21 16:43:41.606165,1.392009,""t"""
"novel,key pressed,4,2017-06-21 16:43:42.918138,1.311947,""l"""
"novel,key pressed,4,2017-06-21 16:43:44.254210,1.336046,""d"""
"novel,sentence typed,4,2017-06-21 16:43:45.606169,12.159707,""the quick onyx goblin jumps above the lazy dwarf """
"novel,key pressed,4,2017-06-21 16:43:46.582913,2.328599,""f"""
"novel,key pressed,4,2017-06-21 16:43:47.366394,0.783481,"""""
"novel,key pressed,4,2017-06-21 16:43:48.023264,0.656794,""j"""
"novel,key pressed,4,2017-06-21 16:43:49.095091,1.071833,""q"""
"novel,key pressed,4,2017-06-21 16:43:50.199231,1.104108,""r"""
"novel,word typed,4,2017-06-21 16:43:50.199332,11.112879,""kly r"""
"novel,key pressed,4,2017-06-21 16:43:50.319144,0.119881,""e"""
"novel,key pressed,4,2017-06-21 16:43:51.686979,1.367805,""t"""
"novel,key pressed,4,2017-06-21 16:43:53.182405,1.495404,""b"""
"novel,key pressed,4,2017-06-21 16:43:54.806563,1.624134,""g"""
"novel,key pressed,4,2017-06-21 16:43:55.702466,0.895876,""a"""
"novel,word typed,4,2017-06-21 16:43:55.702550,5.503208,""wns a"""
"novel,key pressed,4,2017-06-21 16:43:56.670875,0.968384,""e"""
"novel,sentence typed,4,2017-06-21 16:43:57.622274,12.016081,""jim quickly realized that beautiful gowns are expensive """
"novel,key pressed,4,2017-06-21 16:43:58.750482,2.079574,""m"""
"novel,key pressed,4,2017-06-21 16:43:59.430482,0.679978,""g"""
"novel,key pressed,4,2017-06-21 16:44:00.598657,1.168129,""w"""
"novel,key pressed,4,2017-06-21 16:44:01.414537,0.815864,""s"""
"novel,key pressed,4,2017-06-21 16:44:02.214478,0.799916,""d"""
"novel,word typed,4,2017-06-21 16:44:02.214775,6.512216,""six d"""
"novel,key pressed,4,2017-06-21 16:44:03.790670,1.576166,""p"""
"novel,key pressed,4,2017-06-21 16:44:05.103244,1.312550,""j"""
"novel,key pressed,4,2017-06-21 16:44:06.126683,1.023406,""b"""
"novel,key pressed,4,2017-06-21 16:44:07.478700,1.351996,""h"""
"novel,key pressed,4,2017-06-21 16:44:08.462668,0.983941,""q"""
"novel,word typed,4,2017-06-21 16:44:08.462743,6.247965,"" he q"""
"novel,sentence typed,4,2017-06-21 16:44:09.350655,11.728331,""my girl wove six dozen plaid jackets before he quit """
"novel,test finished,4,2017-06-21 16:44:09.351018,94.569634,"
